prosperous 繁荣的	
liable 有责任的
linguistic 语言的
sustainability 可持续性
innovation 创新
motivation 动机
collaboration 合作
inequality 不平等
circulate 传播
perpetuate 使持续
dominant 主导的
crucial 关键的
advocate 提倡
compelling 令人信服的
fulfillment 成就感
stability 稳定
priority 优先事项
access 机会
reveal 揭示
investigate 调查
fascinate 深深吸引
academic 学术的
stagnation 停滞
counterintuitive 反直觉的
convergence 趋同
paradox 悖论
illusion 错觉
implement 实施
transformation 转变
infrastructure 基础设施
immersive 沉浸式的
aspire 渴望
deplore 谴责
chronic 长期的
intervene 干预
prolong 延长
ruthless 无情的
vanity 虚荣
condemn 谴责
slavish 盲从的
acclaimed 备受赞誉的
assertive 果断的
numerous 众多的
bias 偏见
irresistible 不可抵抗的
orchestrate 精心策划
retention 保留
overhaul 彻底改革
bewilder 使困惑
thorny 棘手的
modification 修改
intermittent 间歇的
endorse 认可
preservation 保护
inevitable 不可避免的
renaissance 复兴
envisage 设想
dazzling 耀眼的
prevalence 普遍
ecosystem 生态系统
fragmentation 碎片化
migrate 迁徙
thrive 繁荣
ambiguity 歧义
terrific 极好的
contentious 有争议的
volatile 动荡的
parallel 类似的
obligation 义务
detrimental 有害的
therapeutic 治疗的
justified 合理的
dictate 支配
legitimate 合法的
bizarre 奇怪的
embodiment 体现
irrefutable 无可辩驳的
diffusion 扩散
evade 逃避
precedent 先例
competent 有能力的
alleviate 缓解
hazard 危险
articulate 清晰表达
allocation 分配
aesthetic 审美的
hypothesis 假设
adaptation 适应
impose 强加
cohesion 凝聚力
dilemma 困境
scrutiny 仔细审查
facilitate 促进
quota 配额
void 无效的
enlighten 启发
weary 疲倦的
yield 产生
deficiency 缺乏
ponder 深思
elite 精英
endure 忍受
sentiment 情绪
tangible 有形的
undermine 削弱
versatile 多才多艺的
ascend 上升
bleak 黯淡的
foster 培养
grim 严峻的
hierarchy 等级制度
alienate 疏远
amplify 放大
mediate 调解
nuisance 讨厌的人或事
overt 公开的
evaluate 评价
evolve 演变
exceed 超过
trivial 琐碎的
unanimous 全体一致的
vulnerable 易受伤害的
abide 遵守
comply 遵从
diligent 勤奋的
exceptional 杰出的
exhaust 耗尽
hostile 敌对的
intricate 复杂的
approach 方法
lucrative 利润丰厚的
mitigate 减轻
negligible 可忽略不计的
rigorous 严格的
skeptical 怀疑的
tedious 冗长乏味的
dynamic 动态的
notorious 臭名昭著的
obscure 晦涩的
persistent 持续的
reluctant 不情愿的
spontaneous 自发的
tentative 试探性的
eliminate 消除
expand 扩大
abrupt 突然的
ambiguous 模棱两可的
coherent 连贯的
compatible 兼容的
demonstrate 展示
conspicuous 显眼的
transient 短暂的
cumulative 累积的
decisive 决定性的
deliberate 故意的
durable 持久的
shift 转变
explicit 明确的
collapse 倒塌
formidable 强大的
implicit 含蓄的
incompatible 不兼容的
cultivate 培养
conflict 冲突
inherent 固有的
mandatory 强制的
notable 显著的
causation 因果关系
diagnose 诊断
cooperation 合作
internship 实习
negotiate 谈判
feasible 可行的
interfere 干预
sacrifice 牺牲
feasibility 可行性
habitat 栖息地
prescribe 开药方
hygienic 卫生的
capable 有能力的
burnout 精疲力竭
pursue 追求
peculiar 独特的
intellect 智力
connotation 内涵
dedication 奉献
gap 差距
identify 识别
secure 安全的
stress 压力
controversial 有争议的
conduct 进行
reflect 反映
peer 同龄人
submit 递交
explore 探索
observe 观察
analyse 分析
internal 内部的
define 定义
oblige 强迫
dismiss 不予考虑
accommodation 住宿
novelty 新奇感
appropriate 合适的
sequence 序列
simultaneous 同时的
terminate 终止
validate 验证
adherence 坚持
coincidence 巧合
contemplation 沉思
deterioration 恶化
elaboration 详尽阐述
fluctuation 波动
initiative 主动性
lack 缺乏
distinct 独特的
separate 分开
unique 独特的
clause 条款
resemble 相似
surveillance 监视
benevolent 仁慈的
consensus 共识
deprive 剥夺
empirical 经验主义的
facility 设施
scheme 计划，方案
inclination 倾向
scan 扫描
offset 抵消
proposition 提议
sponsor 赞助
rival 竞争对手
neutral 中立的
viable 可行的
withstand 承受
reverse 逆转
eminent 杰出的
restrict 限制
negligence 疏忽
premise 前提
relieve 缓解
soar 飙升
tolerate 容忍
universal 普遍的
verge 边缘
witness 目睹
credibility 可信度
reinforce 加强
eloquent 雄辩的
delayed 延迟的
humane 人道的
indispensable 不可或缺的
moderate 适度的
simulate 模拟
recruit 招聘
affluent 富裕的
raw 原始的
recession 经济衰退
rational 理性的
catastrophe 灾难
cherish 珍惜
conceive 构想
random 随机的
vague 模糊的
deduce 推断
depict 描绘
protest 抗议
dignity 尊严
endeavor 努力
evoke 唤起
fabulous 极好的
flaw 缺陷
furious 狂怒的
gloomy 沮丧的
hamper 阻碍
harmony 和谐
perspective 视角
plausible 看似合理的
integrate 整合
intuition 直觉
magnify 放大
benchmark 基准
operate 操作
optimistic 乐观的
naive 天真的
nostalgia 怀旧
mutual 相互的
persevere 坚持
monopoly 垄断
modify 修改
mobilize 调动
reckless 鲁莽的
refrain 克制
massive 大规模的
manifest 显现
scarce 稀缺的
intimate 亲密的
isolate 孤立
stagnant 停滞的
stereotype 刻板印象
intensive 集中的
surpass 超过
turbulent 动荡的
utmost 至关重要的
vibrant 充满活力的
complex 复杂的
privilege 特权
instinctive 本能的
invalidate 使无效
abstract 抽象的
malpractice 不当行为
amendment 修正案
sanction 制裁
authorize 授权
legitimacy 合法性
bilingual 双语的
procrastination 拖延
willpower 意志力
quirky 奇怪的
semiconductor 半导体
chain 链
insight 洞察力
incentive 激励
identical 相同的
refine 改进
diversity 多样性
legislature 立法机构
remote 遥远的
lawful 合法的
mainstream 主流
term 条款
attachment 依恋
literacy 读写能力
underestimate 低估
objective 客观的
hard-wired 本能的
exterior 外部的
interior 内部的
outer 外部的
inner 内部的
charitable 慈善的
norm 规范
consistent 一致的
hinder 妨碍
restoration 恢复
venture 风险
algorithm 算法
fossil 化石
inflation 通货膨胀
saturated 饱和的
adequate 足够的
currency 货币
monetary 货币的
financial 金融的
dense 密集的
nutrition 营养
vaccination 接种疫苗
immune 免疫的
retrospect 回顾
heritage 遗产
pervasive 普遍的
delicate 微妙的
investment 投资
autonomy 自主权
defect 缺陷
eccentric 古怪的
commemorate 纪念
concise 简洁的
consecutive 连续的
discount 折扣
pose 构成
decent 体面的
replacement 替代
diminish 减少
discard 丢弃
distinguish 区分
conceal 掩盖
duplicate 复制
elevate 提升
embody 体现
enhance 增强
enforce 执行
ensure 确保
exhibit 展示
exploit 利用
fluctuate 波动
formulate 制定
generate 产生
illustrate 说明
imitate 模仿
disruption 中断
indicate 表明
induce 引起
infer 推断
inhibit 抑制
reframe 重新定义
justify 证明合理
launch 发起
maintain 维持
manipulate 操控
maximize 最大化
compromise 妥协
merge 合并
foresight 远见
monitor 监控
motivate 激励
neglect 忽视
obtain 获得
occupy 占据
oppose 反对
originate 起源
contemporary 当代的
perceive 感知
consolidate 巩固
corruption 腐败
alliance 联盟
coincidental 巧合的
assess 评估
augment 增加
authentic 真实的
brutal 残酷的
internalize 内化
